coursenum,Coursetitle,ISBN,"Book Title"
"ACCT 3603.001"," Income Tax Accounting I",0-324-11053-7," Business Entities - An Introduction"
"BAD 4013.002"," Business Capstone",1-5579-8888-0," Strategic Management"
"MGT 4123.900"," Industrial Relations",0-13-019474-2," Labor Relations & Collective Bargaining"
"MGT 4123.900"," Industrial Relations",0-8144-5639-1," Subcontract Management Handbook"
"MGT 4123.900"," Industrial Relations",1-85788-204-0," Inside Outsourcing"
"MGT 4710.002"," Problems in Administration",0-234-27347-5," Problems in Administration"
"MIS 3033.900"," C++ Programming, Introductory",0-13-528910-6," C++ How to Program"
"MIS 3033.901"," Java Programming, Intermediate",1-861003-66-8," Beginning Java 2"
"MIS 3353.001"," Database Development",0-556-7987-4," Modern Database Management"
"MIS 3373.004"," Systems Analysis & Design",1-556-02347-4," Essentials of Systems Analysis and Design"
"MKT 4333.001"," Marketing Capstone",1-3294-1234-7," Marketing Strategy - A Primer"
