ISBN,Title,"# of Copies"
0-13-019474-2," Labor Relations & Collective Bargaining",3
0-13-528910-6," C++ How to Program",4
0-234-27347-5," Problems in Administration",4
0-324-11053-7," Business Entities - An Introduction",2
0-556-7987-4," Modern Database Management",2
0-8144-5639-1," Subcontract Management Handbook",1
1-3294-1234-7," Marketing Strategy - A Primer",2
1-556-02347-4," Essentials of Systems Analysis and Design",2
1-5579-8888-0," Strategic Management",2
1-85788-204-0," Inside Outsourcing",4
1-861003-66-8," Beginning Java 2",3
